category,layer,correct,n_ops,n_delete,n_insert,n_overwrite_insert,n_keep,interleave_flicker,unmerged_del_ins_pairs
typo_fix,(no layer),1,12,0,1,0,11,0,0
typo_fix,ad_layer_reorder,1,12,0,1,0,11,0,0
typo_fix,ad_layer_overwrite,1,12,0,1,0,11,0,0
typo_fix,ad_layer_indent_last,1,12,0,1,0,11,0,0
typo_fix,ad_layer_line_delete_in_place,1,12,0,1,0,11,0,0
typo_fix,ad_layer_split_in_place,1,12,0,1,0,11,0,0
typo_fix,ad_layer_join_insert_in_place,1,12,0,1,0,11,0,0
typo_fix,ad_layer_batch_whitespace,1,12,0,1,0,11,0,0
typo_fix,ad_layer_skip_indent,1,12,0,1,0,11,0,0
typo_fix,ad_layer_line_replace,0,0,0,0,0,0,0,0
word_replace,(no layer),1,16,4,4,0,8,1,2
word_replace,ad_layer_reorder,1,16,4,4,0,8,1,2
word_replace,ad_layer_overwrite,1,16,4,4,0,8,1,2
word_replace,ad_layer_indent_last,1,16,4,4,0,8,1,2
word_replace,ad_layer_line_delete_in_place,1,16,4,4,0,8,1,2
word_replace,ad_layer_split_in_place,1,16,4,4,0,8,1,2
word_replace,ad_layer_join_insert_in_place,1,16,4,4,0,8,1,2
word_replace,ad_layer_batch_whitespace,1,16,4,4,0,8,1,2
word_replace,ad_layer_skip_indent,1,16,4,4,0,8,1,2
word_replace,ad_layer_line_replace,1,0,0,0,0,0,0,0
line_replace,(no layer),1,6,3,3,0,0,0,1
line_replace,ad_layer_reorder,1,6,3,3,0,0,0,1
line_replace,ad_layer_overwrite,1,6,3,3,0,0,0,1
line_replace,ad_layer_indent_last,1,6,3,3,0,0,0,1
line_replace,ad_layer_line_delete_in_place,1,6,3,3,0,0,0,1
line_replace,ad_layer_split_in_place,1,6,3,3,0,0,0,1
line_replace,ad_layer_join_insert_in_place,1,6,3,3,0,0,0,1
line_replace,ad_layer_batch_whitespace,1,6,3,3,0,0,0,1
line_replace,ad_layer_skip_indent,1,6,3,3,0,0,0,1
line_replace,ad_layer_line_replace,1,0,0,0,0,0,0,0
line_insert,(no layer),1,5,0,5,0,0,0,0
line_insert,ad_layer_reorder,1,5,0,5,0,0,0,0
line_insert,ad_layer_overwrite,1,5,0,5,0,0,0,0
line_insert,ad_layer_indent_last,1,5,0,5,0,0,0,0
line_insert,ad_layer_line_delete_in_place,1,5,0,5,0,0,0,0
line_insert,ad_layer_split_in_place,1,5,0,5,0,0,0,0
line_insert,ad_layer_join_insert_in_place,1,5,0,5,0,0,0,0
line_insert,ad_layer_batch_whitespace,1,5,0,5,0,0,0,0
line_insert,ad_layer_skip_indent,1,5,0,5,0,0,0,0
line_insert,ad_layer_line_replace,0,0,0,0,0,0,0,0
line_delete,(no layer),1,0,0,0,0,0,0,0
line_delete,ad_layer_reorder,1,0,0,0,0,0,0,0
line_delete,ad_layer_overwrite,1,0,0,0,0,0,0,0
line_delete,ad_layer_indent_last,1,0,0,0,0,0,0,0
line_delete,ad_layer_line_delete_in_place,1,0,0,0,0,0,0,0
line_delete,ad_layer_split_in_place,1,1,0,0,0,0,0,0
line_delete,ad_layer_join_insert_in_place,1,0,0,0,0,0,0,0
line_delete,ad_layer_batch_whitespace,1,0,0,0,0,0,0,0
line_delete,ad_layer_skip_indent,1,0,0,0,0,0,0,0
line_delete,ad_layer_line_replace,1,0,0,0,0,0,0,0
block_insert,(no layer),1,210,0,210,0,0,0,0
block_insert,ad_layer_reorder,1,210,0,210,0,0,0,0
block_insert,ad_layer_overwrite,1,210,0,210,0,0,0,0
block_insert,ad_layer_indent_last,1,210,0,210,0,0,0,0
block_insert,ad_layer_line_delete_in_place,1,210,0,210,0,0,0,0
block_insert,ad_layer_split_in_place,1,210,0,210,0,0,0,0
block_insert,ad_layer_join_insert_in_place,1,210,0,210,0,0,0,0
block_insert,ad_layer_batch_whitespace,1,177,0,170,0,0,0,0
block_insert,ad_layer_skip_indent,1,210,0,210,0,0,0,0
block_insert,ad_layer_line_replace,0,0,0,0,0,0,0,0
block_delete,(no layer),1,0,0,0,0,0,0,0
block_delete,ad_layer_reorder,1,0,0,0,0,0,0,0
block_delete,ad_layer_overwrite,1,0,0,0,0,0,0,0
block_delete,ad_layer_indent_last,1,0,0,0,0,0,0,0
block_delete,ad_layer_line_delete_in_place,1,0,0,0,0,0,0,0
block_delete,ad_layer_split_in_place,1,3,0,0,0,0,0,0
block_delete,ad_layer_join_insert_in_place,1,0,0,0,0,0,0,0
block_delete,ad_layer_batch_whitespace,1,0,0,0,0,0,0,0
block_delete,ad_layer_skip_indent,1,0,0,0,0,0,0,0
block_delete,ad_layer_line_replace,1,0,0,0,0,0,0,0
block_modify,(no layer),1,1225,84,888,0,253,6,15
block_modify,ad_layer_reorder,1,1225,84,888,0,253,6,15
block_modify,ad_layer_overwrite,1,1225,84,888,0,253,6,15
block_modify,ad_layer_indent_last,1,1225,84,888,0,253,6,15
block_modify,ad_layer_line_delete_in_place,1,1225,84,888,0,253,6,15
block_modify,ad_layer_split_in_place,1,1225,84,888,0,253,6,15
block_modify,ad_layer_join_insert_in_place,1,1225,84,888,0,253,6,15
block_modify,ad_layer_batch_whitespace,1,1102,84,743,0,253,6,15
block_modify,ad_layer_skip_indent,1,1225,84,888,0,253,6,15
block_modify,ad_layer_line_replace,0,0,0,0,0,0,0,0
block_replace,(no layer),1,15,15,0,0,0,0,0
block_replace,ad_layer_reorder,1,15,15,0,0,0,0,0
block_replace,ad_layer_overwrite,1,15,15,0,0,0,0,0
block_replace,ad_layer_indent_last,1,15,15,0,0,0,0,0
block_replace,ad_layer_line_delete_in_place,1,15,15,0,0,0,0,0
block_replace,ad_layer_split_in_place,1,17,15,0,0,0,0,0
block_replace,ad_layer_join_insert_in_place,1,15,15,0,0,0,0,0
block_replace,ad_layer_batch_whitespace,1,15,15,0,0,0,0,0
block_replace,ad_layer_skip_indent,1,15,15,0,0,0,0,0
block_replace,ad_layer_line_replace,0,15,15,0,0,0,0,0
line_expand,(no layer),1,6,0,0,0,6,0,0
line_expand,ad_layer_reorder,1,6,0,0,0,6,0,0
line_expand,ad_layer_overwrite,1,6,0,0,0,6,0,0
line_expand,ad_layer_indent_last,1,6,0,0,0,6,0,0
line_expand,ad_layer_line_delete_in_place,1,6,0,0,0,6,0,0
line_expand,ad_layer_split_in_place,1,6,0,0,0,6,0,0
line_expand,ad_layer_join_insert_in_place,1,6,0,0,0,6,0,0
line_expand,ad_layer_batch_whitespace,1,6,0,0,0,6,0,0
line_expand,ad_layer_skip_indent,1,6,0,0,0,6,0,0
line_expand,ad_layer_line_replace,1,6,0,0,0,6,0,0
line_collapse,(no layer),1,6,0,0,0,6,0,0
line_collapse,ad_layer_reorder,1,6,0,0,0,6,0,0
line_collapse,ad_layer_overwrite,1,6,0,0,0,6,0,0
line_collapse,ad_layer_indent_last,1,6,0,0,0,6,0,0
line_collapse,ad_layer_line_delete_in_place,1,6,0,0,0,6,0,0
line_collapse,ad_layer_split_in_place,1,6,0,0,0,6,0,0
line_collapse,ad_layer_join_insert_in_place,1,6,0,0,0,6,0,0
line_collapse,ad_layer_batch_whitespace,1,6,0,0,0,6,0,0
line_collapse,ad_layer_skip_indent,1,6,0,0,0,6,0,0
line_collapse,ad_layer_line_replace,1,6,0,0,0,6,0,0
indent_change,(no layer),1,11,0,4,0,7,0,0
indent_change,ad_layer_reorder,1,11,0,4,0,7,0,0
indent_change,ad_layer_overwrite,1,11,0,4,0,7,0,0
indent_change,ad_layer_indent_last,1,11,0,4,0,7,0,0
indent_change,ad_layer_line_delete_in_place,1,11,0,4,0,7,0,0
indent_change,ad_layer_split_in_place,1,11,0,4,0,7,0,0
indent_change,ad_layer_join_insert_in_place,1,11,0,4,0,7,0,0
indent_change,ad_layer_batch_whitespace,1,8,0,0,0,7,0,0
indent_change,ad_layer_skip_indent,1,13,0,4,0,7,0,0
indent_change,ad_layer_line_replace,1,0,0,0,0,0,0,0
format_only,(no layer),1,0,0,0,0,0,0,0
format_only,ad_layer_reorder,1,0,0,0,0,0,0,0
format_only,ad_layer_overwrite,1,0,0,0,0,0,0,0
format_only,ad_layer_indent_last,1,0,0,0,0,0,0,0
format_only,ad_layer_line_delete_in_place,1,0,0,0,0,0,0,0
format_only,ad_layer_split_in_place,1,0,0,0,0,0,0,0
format_only,ad_layer_join_insert_in_place,1,0,0,0,0,0,0,0
format_only,ad_layer_batch_whitespace,1,0,0,0,0,0,0,0
format_only,ad_layer_skip_indent,1,0,0,0,0,0,0,0
format_only,ad_layer_line_replace,1,0,0,0,0,0,0,0
block_move,(no layer),1,10,0,10,0,0,0,0
block_move,ad_layer_reorder,1,10,0,10,0,0,0,0
block_move,ad_layer_overwrite,1,10,0,10,0,0,0,0
block_move,ad_layer_indent_last,1,10,0,10,0,0,0,0
block_move,ad_layer_line_delete_in_place,1,10,0,10,0,0,0,0
block_move,ad_layer_split_in_place,1,12,0,10,0,0,0,0
block_move,ad_layer_join_insert_in_place,1,10,0,10,0,0,0,0
block_move,ad_layer_batch_whitespace,1,10,0,10,0,0,0,0
block_move,ad_layer_skip_indent,1,10,0,10,0,0,0,0
block_move,ad_layer_line_replace,0,0,0,0,0,0,0,0
literal_replace,(no layer),1,11,8,0,0,3,0,0
literal_replace,ad_layer_reorder,1,11,8,0,0,3,0,0
literal_replace,ad_layer_overwrite,1,11,8,0,0,3,0,0
literal_replace,ad_layer_indent_last,1,11,8,0,0,3,0,0
literal_replace,ad_layer_line_delete_in_place,1,11,8,0,0,3,0,0
literal_replace,ad_layer_split_in_place,1,11,8,0,0,3,0,0
literal_replace,ad_layer_join_insert_in_place,1,11,8,0,0,3,0,0
literal_replace,ad_layer_batch_whitespace,1,11,8,0,0,3,0,0
literal_replace,ad_layer_skip_indent,1,11,8,0,0,3,0,0
literal_replace,ad_layer_line_replace,0,0,0,0,0,0,0,0
